mysql>SELECT NOW();
+---------------------+
| NOW()               |
+---------------------+
| 2017-08-18 18:33:09 |
+---------------------+
1 row in set (0.00 sec)

mysql>SELECT VERSION();
+------------+
| VERSION()  |
+------------+
| 5.7.17-log |
+------------+
1 row in set (0.00 sec)

mysql>\t
mysql> CREAT DATABASE liuqin
    -> ;
ERROR 1064 (42000): You have an error in your SQL syntax; check the manual that corresponds to your MySQL server version for the right syntax to use near 'CREAT DATABASE liuqin' at line 1
mysql> CREATE DATABASE liuqin1;
Query OK, 1 row affected (0.06 sec)

mysql> CREATE SCHEMA liuqin2;
Query OK, 1 row affected (0.03 sec)

mysql> CREATE SCHEMA liuqin2 IF NOT EXIST;
ERROR 1064 (42000): You have an error in your SQL syntax; check the manual that corresponds to your MySQL server version for the right syntax to use near 'IF NOT EXIST' at line 1
mysql> SHOW WARNING
    -> 
    -> ;
ERROR 1064 (42000): You have an error in your SQL syntax; check the manual that corresponds to your MySQL server version for the right syntax to use near 'WARNING' at line 1
mysql> SHOW WARNINGS;
+-------+------+-----------------------------------------------------------------------------------------------------------------------------------------------------------+
| Level | Code | Message                                                                                                                                                   |
+-------+------+-----------------------------------------------------------------------------------------------------------------------------------------------------------+
| Error | 1064 | You have an error in your SQL syntax; check the manual that corresponds to your MySQL server version for the right syntax to use near 'WARNING' at line 1 |
+-------+------+-----------------------------------------------------------------------------------------------------------------------------------------------------------+
1 row in set (0.00 sec)

mysql> SHOW CREAT DATABASE liuqin1;
ERROR 1064 (42000): You have an error in your SQL syntax; check the manual that corresponds to your MySQL server version for the right syntax to use near 'CREAT DATABASE liuqin1' at line 1
mysql> SHOW CREATE DATABASE liuqin1;
+----------+------------------------------------------------------------------+
| Database | Create Database                                                  |
+----------+------------------------------------------------------------------+
| liuqin1  | CREATE DATABASE `liuqin1` /*!40100 DEFAULT CHARACTER SET utf8 */ |
+----------+------------------------------------------------------------------+
1 row in set (0.00 sec)

mysql> CREATE DATABAS IF NOT EXITS CHARACTER SET GBK
    -> ;
ERROR 1064 (42000): You have an error in your SQL syntax; check the manual that corresponds to your MySQL server version for the right syntax to use near 'DATABAS IF NOT EXITS CHARACTER SET GBK' at line 1
mysql> CREATE DATABASE IF NOT EXITS DEFAULT CHARACTER SET GBK;
ERROR 1064 (42000): You have an error in your SQL syntax; check the manual that corresponds to your MySQL server version for the right syntax to use near 'EXITS DEFAULT CHARACTER SET GBK' at line 1
mysql> CREATE DATABASE IF NOT EXISTS liu CHARACTER SET GBK;
Query OK, 1 row affected (0.04 sec)

mysql> SHOW CREATE DATABASE liu;
+----------+-------------------------------------------------------------+
| Database | Create Database                                             |
+----------+-------------------------------------------------------------+
| liu      | CREATE DATABASE `liu` /*!40100 DEFAULT CHARACTER SET gbk */ |
+----------+-------------------------------------------------------------+
1 row in set (0.00 sec)

mysql> USE liu;
Database changed
mysql> SELECT DATABASE();
+------------+
| DATABASE() |
+------------+
| liu        |
+------------+
1 row in set (0.00 sec)

mysql> DROP DATABASE liu;
Query OK, 0 rows affected (0.03 sec)

mysql> SHOW DATABASES()
    -> ;
ERROR 1064 (42000): You have an error in your SQL syntax; check the manual that corresponds to your MySQL server version for the right syntax to use near '()' at line 1
mysql> SHOW DATABASE();
ERROR 1064 (42000): You have an error in your SQL syntax; check the manual that corresponds to your MySQL server version for the right syntax to use near 'DATABASE()' at line 1
mysql> SHOW DATABASE;
ERROR 1064 (42000): You have an error in your SQL syntax; check the manual that corresponds to your MySQL server version for the right syntax to use near 'DATABASE' at line 1
mysql> SHOW DATABASES;
+--------------------+
| Database           |
+--------------------+
| information_schema |
| liuqin1            |
| liuqin2            |
| mysql              |
| performance_schema |
| sys                |
+--------------------+
6 rows in set (0.03 sec)

mysql> DROP DATABASE liuqin1;
Query OK, 0 rows affected (0.00 sec)

mysql> DROP DATABASE liuqin2;
Query OK, 0 rows affected (0.00 sec)

mysql> help tinyint
Name: 'TINYINT'
Description:
TINYINT[(M)] [UNSIGNED] [ZEROFILL]

A very small integer. The signed range is -128 to 127. The unsigned
range is 0 to 255.

URL: http://dev.mysql.com/doc/refman/5.7/en/numeric-type-overview.html


mysql> help tinyint;
Name: 'TINYINT'
Description:
TINYINT[(M)] [UNSIGNED] [ZEROFILL]

A very small integer. The signed range is -128 to 127. The unsigned
range is 0 to 255.

URL: http://dev.mysql.com/doc/refman/5.7/en/numeric-type-overview.html


mysql> SHOW ENGINES;
+--------------------+---------+----------------------------------------------------------------+--------------+------+------------+
| Engine             | Support | Comment                                                        | Transactions | XA   | Savepoints |
+--------------------+---------+----------------------------------------------------------------+--------------+------+------------+
| InnoDB             | DEFAULT | Supports transactions, row-level locking, and foreign keys     | YES          | YES  | YES        |
| MRG_MYISAM         | YES     | Collection of identical MyISAM tables                          | NO           | NO   | NO         |
| MEMORY             | YES     | Hash based, stored in memory, useful for temporary tables      | NO           | NO   | NO         |
| BLACKHOLE          | YES     | /dev/null storage engine (anything you write to it disappears) | NO           | NO   | NO         |
| MyISAM             | YES     | MyISAM storage engine                                          | NO           | NO   | NO         |
| CSV                | YES     | CSV storage engine                                             | NO           | NO   | NO         |
| ARCHIVE            | YES     | Archive storage engine                                         | NO           | NO   | NO         |
| PERFORMANCE_SCHEMA | YES     | Performance Schema                                             | NO           | NO   | NO         |
| FEDERATED          | NO      | Federated MySQL storage engine                                 | NULL         | NULL | NULL       |
+--------------------+---------+----------------------------------------------------------------+--------------+------+------------+
9 rows in set (0.00 sec)

mysql> SHOW VARIABLES LIKE 'have%';
+------------------------+----------+
| Variable_name          | Value    |
+------------------------+----------+
| have_compress          | YES      |
| have_crypt             | NO       |
| have_dynamic_loading   | YES      |
| have_geometry          | YES      |
| have_openssl           | DISABLED |
| have_profiling         | YES      |
| have_query_cache       | YES      |
| have_rtree_keys        | YES      |
| have_ssl               | DISABLED |
| have_statement_timeout | YES      |
| have_symlink           | YES      |
+------------------------+----------+
11 rows in set, 1 warning (0.01 sec)

mysql> SHOW VARIABLES LIKE 'storage_engine';
Empty set, 1 warning (0.01 sec)

mysql> SHOW DATABASES;
+--------------------+
| Database           |
+--------------------+
| information_schema |
| mysql              |
| performance_schema |
| sys                |
+--------------------+
4 rows in set (0.00 sec)

mysql> --´´½¨Êý¾Ý¿â
    -> CREATE DATABASE IF NOT EXISTS ¡¯mai¡¯ DEFAULT CHARACTER SET 'UTF8';
ERROR 1064 (42000): You have an error in your SQL syntax; check the manual that corresponds to your MySQL server version for the right syntax to use near '--´´½¨Êý¾Ý¿â
CREATE DATABASE IF NOT EXISTS ¡¯mai¡¯ DEFAULT CHARACTER SET ' at line 1
mysql> 
mysql> USE ¡¯mai¡¯;
ERROR 1049 (42000): Unknown database '¡¯mai¡¯'
mysql> 
mysql> --´´½¨Ñ§Ô±±íuser
    -> --µ±ÐèÒªÊäÈëÖÐÎÄÊ±£¬ÐèÒªÁÙÊ±×ª»»¿Í»§¶ËµÄ±àÂë·½Ê½
    -> CREATE TABLE IF NOT EXISTS ¡¯user¡¯£¨
    -> id SMALLINT,
    -> usename VARCHAR(20),
    -> age TINYINT,
    -> sex ENUM('ÄÐ'£¬'Å®','±£ÃÜ')£¬
    -> email VARCHAR(50),
    -> addr VARCHAR(200),
    -> birth YEAR,
    -> salary FLOAT(8,2),
    -> married TINYINT(1) COMMENT '0ÊÇÎ´»é'
    -> £©ENGINE=INNODB CHARSET=UTF8;
ERROR 1064 (42000): You have an error in your SQL syntax; check the manual that corresponds to your MySQL server version for the right syntax to use near '--´´½¨Ñ§Ô±±íuser
--µ±ÐèÒªÊäÈëÖÐÎÄÊ±£¬ÐèÒªÁÙÊ±×ª»»¿Í»§¶Ë' at line 1
mysql> CHARACTER SET=gbk;
ERROR 1064 (42000): You have an error in your SQL syntax; check the manual that corresponds to your MySQL server version for the right syntax to use near 'CHARACTER SET=gbk' at line 1
mysql> --´´½¨Êý¾Ý¿â
    -> CREATE DATABASE IF NOT EXISTS ¡¯mai¡¯ DEFAULT CHARACTER SET 'UTF8';
ERROR 1064 (42000): You have an error in your SQL syntax; check the manual that corresponds to your MySQL server version for the right syntax to use near '--´´½¨Êý¾Ý¿â
CREATE DATABASE IF NOT EXISTS ¡¯mai¡¯ DEFAULT CHARACTER SET ' at line 1
mysql> 
mysql> USE ¡¯mai¡¯;
ERROR 1049 (42000): Unknown database '¡¯mai¡¯'
mysql> 
mysql> --´´½¨Ñ§Ô±±íuser
    -> --µ±ÐèÒªÊäÈëÖÐÎÄÊ±£¬ÐèÒªÁÙÊ±×ª»»¿Í»§¶ËµÄ±àÂë·½Ê½
    -> CREATE TABLE IF NOT EXISTS ¡¯user¡¯£¨
    -> id SMALLINT,
    -> usename VARCHAR(20),
    -> age TINYINT,
    -> sex ENUM('ÄÐ'£¬'Å®','±£ÃÜ')£¬
    -> email VARCHAR(50),
    -> addr VARCHAR(200),
    -> birth YEAR,
    -> salary FLOAT(8,2),
    -> married TINYINT(1) COMMENT '0ÊÇÎ´»é'
    -> £©ENGINE=INNODB CHARSET=UTF8;
ERROR 1064 (42000): You have an error in your SQL syntax; check the manual that corresponds to your MySQL server version for the right syntax to use near '--´´½¨Ñ§Ô±±íuser
--µ±ÐèÒªÊäÈëÖÐÎÄÊ±£¬ÐèÒªÁÙÊ±×ª»»¿Í»§¶Ë' at line 1
mysql> \S
ERROR: 
Unknown command '\S'.
    -> \s;
--------------

Connection id:		3
Current database:	
Current user:		root@localhost
SSL:			Not in use
Using delimiter:	;
Server version:		5.7.17-log MySQL Community Server (GPL)
Protocol version:	10
Connection:		localhost via TCP/IP
Server characterset:	utf8
Db     characterset:	utf8
Client characterset:	gbk
Conn.  characterset:	gbk
TCP port:		3306
Uptime:			12 hours 39 min 32 sec

Threads: 1  Questions: 46  Slow queries: 0  Opens: 115  Flush tables: 1  Open tables: 108  Queries per second avg: 0.001
--------------

ERROR 1064 (42000): You have an error in your SQL syntax; check the manual that corresponds to your MySQL server version for the right syntax to use near '\S' at line 1
mysql> SET NAMES GEK;
ERROR 1115 (42000): Unknown character set: 'GEK'
mysql> SET NAMES GBK;
Query OK, 0 rows affected (0.00 sec)

mysql> \s;
--------------

Connection id:		3
Current database:	
Current user:		root@localhost
SSL:			Not in use
Using delimiter:	;
Server version:		5.7.17-log MySQL Community Server (GPL)
Protocol version:	10
Connection:		localhost via TCP/IP
Server characterset:	utf8
Db     characterset:	utf8
Client characterset:	gbk
Conn.  characterset:	gbk
TCP port:		3306
Uptime:			12 hours 40 min 22 sec

Threads: 1  Questions: 52  Slow queries: 0  Opens: 115  Flush tables: 1  Open tables: 108  Queries per second avg: 0.001
--------------

ERROR: 
No query specified

mysql> --´´½¨Êý¾Ý¿â
    -> CREATE DATABASE IF NOT EXISTS ¡¯mai¡¯ DEFAULT CHARACTER SET 'UTF8';
ERROR 1064 (42000): You have an error in your SQL syntax; check the manual that corresponds to your MySQL server version for the right syntax to use near '--´´½¨Êý¾Ý¿â
CREATE DATABASE IF NOT EXISTS ¡¯mai¡¯ DEFAULT CHARACTER SET ' at line 1
mysql> 
mysql> USE ¡¯mai¡¯;
ERROR 1049 (42000): Unknown database '¡¯mai¡¯'
mysql> 
mysql> --´´½¨Ñ§Ô±±íuser
    -> --µ±ÐèÒªÊäÈëÖÐÎÄÊ±£¬ÐèÒªÁÙÊ±×ª»»¿Í»§¶ËµÄ±àÂë·½Ê½
    -> --SET NAMES GBK;
ERROR 1064 (42000): You have an error in your SQL syntax; check the manual that corresponds to your MySQL server version for the right syntax to use near '--´´½¨Ñ§Ô±±íuser
--µ±ÐèÒªÊäÈëÖÐÎÄÊ±£¬ÐèÒªÁÙÊ±×ª»»¿Í»§¶Ë' at line 1
mysql> CREATE TABLE IF NOT EXISTS ¡¯user¡¯£¨
    -> id SMALLINT,
    -> usename VARCHAR(20),
    -> age TINYINT,
    -> sex ENUM('ÄÐ'£¬'Å®','±£ÃÜ')£¬
    -> email VARCHAR(50),
    -> addr VARCHAR(200),
    -> birth YEAR,
    -> salary FLOAT(8,2),
    -> married TINYINT(1) COMMENT '0ÊÇÎ´»é'
    -> £©ENGINE=INNODB CHARSET=UTF8;
ERROR 1046 (3D000): No database selected
mysql> --´´½¨Êý¾Ý¿â
    -> CREATE DATABASE IF NOT EXISTS ¡¯mai¡¯ DEFAULT CHARACTER SET 'UTF8';
ERROR 1064 (42000): You have an error in your SQL syntax; check the manual that corresponds to your MySQL server version for the right syntax to use near '--´´½¨Êý¾Ý¿â
CREATE DATABASE IF NOT EXISTS ¡¯mai¡¯ DEFAULT CHARACTER SET ' at line 1
mysql> 
mysql> USE ¡¯mai¡¯;
ERROR 1049 (42000): Unknown database '¡¯mai¡¯'
mysql> 
mysql> --´´½¨Ñ§Ô±±íuser
    -> --µ±ÐèÒªÊäÈëÖÐÎÄÊ±£¬ÐèÒªÁÙÊ±×ª»»¿Í»§¶ËµÄ±àÂë·½Ê½
    -> --SET NAMES GBK;
ERROR 1064 (42000): You have an error in your SQL syntax; check the manual that corresponds to your MySQL server version for the right syntax to use near '--´´½¨Ñ§Ô±±íuser
--µ±ÐèÒªÊäÈëÖÐÎÄÊ±£¬ÐèÒªÁÙÊ±×ª»»¿Í»§¶Ë' at line 1
mysql> CREATE TABLE IF NOT EXISTS ¡¯user¡¯£¨
    -> id SMALLINT,
    -> usename VARCHAR(20),
    -> age TINYINT,
    -> sex ENUM('ÄÐ'£¬'Å®','±£ÃÜ')£¬
    -> email VARCHAR(50),
    -> addr VARCHAR(200),
    -> birth YEAR,
    -> salary FLOAT(8,2),
    -> married TINYINT(1) COMMENT '0ÊÇÎ´»é'
    -> £©ENGINE=INNODB CHARSET=UTF8;
ERROR 1046 (3D000): No database selected
mysql> SHOW TABLES;
ERROR 1046 (3D000): No database selected
mysql> 
mysql> CREATE DATABASE IF NOT EXISTS ¡¯mai¡¯ DEFAULT CHARACTER SET 'UTF8';
Query OK, 1 row affected (0.01 sec)

mysql> 
mysql> USE ¡¯mai¡¯;
Database changed
mysql> 
mysql> --´´½¨Ñ§Ô±±íuser
    -> --µ±ÐèÒªÊäÈëÖÐÎÄÊ±£¬ÐèÒªÁÙÊ±×ª»»¿Í»§¶ËµÄ±àÂë·½Ê½
    -> --SET NAMES GBK;
ERROR 1064 (42000): You have an error in your SQL syntax; check the manual that corresponds to your MySQL server version for the right syntax to use near '--´´½¨Ñ§Ô±±íuser
--µ±ÐèÒªÊäÈëÖÐÎÄÊ±£¬ÐèÒªÁÙÊ±×ª»»¿Í»§¶Ë' at line 1
mysql> CREATE TABLE IF NOT EXISTS ¡¯user¡¯£¨
    -> id SMALLINT,
    -> usename VARCHAR(20),
    -> age TINYINT,
    -> sex ENUM('ÄÐ'£¬'Å®','±£ÃÜ')£¬
    -> email VARCHAR(50),
    -> addr VARCHAR(200),
    -> birth YEAR,
    -> salary FLOAT(8,2),
    -> married TINYINT(1) COMMENT '0ÊÇÎ´»é'
    -> £©ENGINE=INNODB CHARSET=UTF8;
ERROR 1064 (42000): You have an error in your SQL syntax; check the manual that corresponds to your MySQL server version for the right syntax to use near 'id SMALLINT,
usename VARCHAR(20),
age TINYINT,
sex ENUM('ÄÐ'£¬'Å®','±£ÃÜ')' at line 2
mysql> SET NAMES GBK;
Query OK, 0 rows affected (0.00 sec)

mysql> 
mysql> CREATE DATABASE IF NOT EXISTS ¡¯mai¡¯ DEFAULT CHARACTER SET 'UTF8';
Query OK, 1 row affected, 1 warning (0.00 sec)

mysql> 
mysql> USE ¡¯mai¡¯;
Database changed
mysql> 
mysql> --´´½¨Ñ§Ô±±íuser
    -> --µ±ÐèÒªÊäÈëÖÐÎÄÊ±£¬ÐèÒªÁÙÊ±×ª»»¿Í»§¶ËµÄ±àÂë·½Ê½
    -> --SET NAMES GBK;
ERROR 1064 (42000): You have an error in your SQL syntax; check the manual that corresponds to your MySQL server version for the right syntax to use near '--´´½¨Ñ§Ô±±íuser
--µ±ÐèÒªÊäÈëÖÐÎÄÊ±£¬ÐèÒªÁÙÊ±×ª»»¿Í»§¶Ë' at line 1
mysql> CREATE TABLE IF NOT EXISTS ¡¯user¡¯£¨
    -> id SMALLINT,
    -> usename VARCHAR(20),
    -> age TINYINT,
    -> sex ENUM('ÄÐ'£¬'Å®','±£ÃÜ')£¬
    -> email VARCHAR(50),
    -> addr VARCHAR(200),
    -> birth YEAR,
    -> salary FLOAT(8,2),
    -> married TINYINT(1) COMMENT '0ÊÇÎ´»é'
    -> £©ENGINE=INNODB CHARSET=UTF8;
ERROR 1064 (42000): You have an error in your SQL syntax; check the manual that corresponds to your MySQL server version for the right syntax to use near 'id SMALLINT,
usename VARCHAR(20),
age TINYINT,
sex ENUM('ÄÐ'£¬'Å®','±£ÃÜ')' at line 2
mysql> CREATE DATABASE IF NOT EXISTS cms DEFAULT CHARACTER SET utf8;
Query OK, 1 row affected (0.10 sec)

mysql> USE cms;
Database changed
mysql> -- ç®¡ç†å‘˜è¡¨cms_admin
mysql> CREATE TABLE cms_admin(
    -> id TINYINT UNSIGNED AUTO_INCREMENT KEY,
    -> username VARCHAR(20) NOT NULL UNIQUE,
    -> password CHAR(32) NOT NULL,
    -> email VARCHAR(50) NOT NULL DEFAULT 'admin@qq.com',
    -> role ENUM('æ™®é€šç®¡ç†å‘˜','è¶…çº§ç®¡ç†å‘˜') DEFAULT 'æ™®é€šç®¡ç†å‘˜'
    -> );
Query OK, 0 rows affected (0.50 sec)

mysql> INSERT cms_admin(username,password,email,role) VALUES('admin','admin','admin@qq.com',2);
Query OK, 1 row affected (0.09 sec)

mysql> 
mysql> INSERT cms_admin(username,password) VALUES('king','king'),
    -> 
    -> ('éº¦å­','maizi'),
    -> 
    -> ('queen','queen'),
    -> 
    -> ('test','test');
Query OK, 4 rows affected (0.03 sec)
Records: 4  Duplicates: 0  Warnings: 0

mysql> 
mysql> -- åˆ›å»ºåˆ†ç±»è¡¨cms_cate
mysql> CREATE TABLE cms_cate(
    -> id TINYINT UNSIGNED AUTO_INCREMENT KEY,
    -> cateName VARCHAR(50) NOT NULL UNIQUE,
    -> cateDesc VARCHAR(200) NOT NULL DEFAULT ''
    -> );
Query OK, 0 rows affected (0.68 sec)

mysql> 
mysql> INSERT cms_cate(cateName,cateDesc) VALUES('å›½å†…æ–°é—»','èšç„¦å½“ä»Šæœ€çƒ­çš„å›½å†…æ–°é—»'),
    -> ('å›½é™…æ–°é—»','èšç„¦å½“ä»Šæœ€çƒ­çš„å›½é™…æ–°é—»'),
    -> ('ä½“è‚²æ–°é—»','èšç„¦å½“ä»Šæœ€çƒ­çš„ä½“è‚²æ–°é—»'),
    -> ('å†›äº‹æ–°é—»','èšç„¦å½“ä»Šæœ€çƒ­çš„å†›äº‹æ–°é—»'),
    -> ('æ•™è‚²æ–°é—»','èšç„¦å½“ä»Šæœ€çƒ­çš„æ•™è‚²æ–°é—»');
Query OK, 5 rows affected (0.12 sec)
Records: 5  Duplicates: 0  Warnings: 0

mysql> 
mysql> -- åˆ›å»ºæ–°é—»è¡¨cms_news
mysql> CREATE TABLE cms_news(
    -> id INT UNSIGNED AUTO_INCREMENT KEY,
    -> title VARCHAR(50) NOT NULL UNIQUE,
    -> content TEXT,
    -> clickNum INT UNSIGNED DEFAULT 0,
    -> pubTime INT UNSIGNED,
    -> cId TINYINT UNSIGNED NOT NULL COMMENT 'æ–°é—»æ‰€å±žåˆ†ç±»ï¼Œå¯¹åº”åˆ†ç±»è¡¨ä¸­çš„id',
    -> aId TINYINT UNSIGNED NOT NULL COMMENT 'å“ªä¸ªç®¡ç†å‘˜å‘å¸ƒçš„ï¼Œå¯¹åº”ç®¡ç†å‘˜è¡¨ä¸­çš„id'
    -> );
Query OK, 0 rows affected (0.21 sec)

mysql> INSERT cms_news(title,content,pubTime,cId,aId) VALUES('äºšèˆªå®¢æœºå¤±è”æœæ•‘å°šæ— çº¿ç´¢ æœªå‘æ±‚æ•‘ä¿¡å·','é©¬æ¥è¥¿äºšäºšæ´²èˆªç©ºå…¬å¸ä¸€æž¶æ­è½½155åä¹˜å®¢çš„å®¢æœº28æ—¥æ—©æ™¨ä»Žå°åº¦å°¼è¥¿äºšé£žå¾€æ–°åŠ å¡é€”ä¸­ä¸Žç©ºä¸­äº¤é€šæŽ§åˆ¶å¡”å°å¤±åŽ»è”ç³»ï¼Œä¸‹è½ä¸æ˜Žã€‚',1419818808,1,2),
    -> ('åŒ—äº¬æ–°å¼€é€šå››æ¡åœ°é“çº¿è·¯ è¿ŽæŽ¥é¦–ä½å®¢äºº','12æœˆ28æ—¥å‡Œæ™¨ï¼Œéšç€åŒ—äº¬åœ°é“6å·çº¿äºŒæœŸã€7å·çº¿ã€15å·çº¿è¥¿æ®µã€14å·çº¿ä¸œæ®µçš„å¼€é€šè¯•è¿è¥ï¼ŒåŒ—äº¬çš„è½¨é“äº¤é€šè¿è¥é‡Œç¨‹å°†å†æ·»62å…¬é‡Œï¼Œå…±è®¡è¾¾åˆ°527å…¬é‡Œã€‚å½“æ—¥å‡Œæ™¨5æ—¶è®¸ï¼ŒåŒ—äº¬åœ°é“7å·çº¿ç“·å™¨å£æ¢ä¹˜ç«™è¿Žæ¥æ–°çº¿å¼€é€šçš„ç¬¬ä¸€ä½ä¹˜å®¢ã€‚',1419818108,2,1),
    -> ('è€ƒç ”æ”¿æ²»é¢˜å¤šæ¬¡å‡ºçŽ°ä¹ è¿‘å¹³è®²è¯å†…å®¹','æ–°äº¬æŠ¥è®¯ ï¼ˆè®°è€…è®¸è·¯é˜³ (å¾®åš)ï¼‰APECåè…å®£è¨€ã€å›½å®¶å…¬ç¥­æ—¥ã€ä¾æ³•æ²»å›½â€¦â€¦æ˜¨æ—¥ï¼Œå…¨å›½ç¡•å£«ç ”ç©¶ç”Ÿæ‹›ç”Ÿè€ƒè¯•è¿›è¡Œé¦–æ—¥åˆè¯•ï¼Œå…¶ä¸­ï¼Œæ€æƒ³æ”¿æ²»ç†è®ºè€ƒé¢˜å¤šæ¬¡æåŠæ—¶äº‹çƒ­ç‚¹ï¼Œå¹¶ä¸”å¤šæ¬¡å‡ºçŽ°ä¹ è¿‘å¹³åœ¨ä¸åŒåœºåˆçš„è®²è¯å†…å®¹ã€‚',1419818208,3,2),
    -> ('æ·±åº¦-æ›¾é›ªéºŸï¼šä½©å…°åˆ«é‡è¹ˆå¡é©¬ä¹”è¦†è¾™','12æœˆ25æ—¥æ˜¯å‰å›½è¶³ä¸»å¸…æ›¾é›ªéºŸçš„85å²å¤§å¯¿ï¼Œæ°é€¢åœ£è¯žèŠ‚ï¼Œæ‚£æœ‰å°¿æ¯’ç—‡è€çˆ·å­å¸¦ç€åœ£è¯žå¸½åº¦è¿‡äº†è‡ªå·±çš„ç”Ÿæ—¥ã€‚æ­¤å‰ï¼Œè…¾è®¯è®°è€…æ›¾ä¸“è®¿æ›¾é›ªéºŸï¼Œå°½ç®¡å·²ç»é€€ä¼‘å¤šå¹´ï¼Œä½†è€çˆ·å­ä»æ—§å…³å¿ƒç€ä¸­å›½è¶³çƒï¼Œä¸ºå›½è¶³æªå¿ƒï¼Œå¯¹äºŽå›½è¶³è¿‘å‡ ä½çš„æ•™ç»ƒï¼Œä»–åªæ¬£èµé«˜æ´ªæ³¢ã€‚å¯¹å³å°†å¾æˆ˜äºšæ´²æ¯çš„å›½è¶³ï¼Œè€çˆ·å­å¸Œæœ›ä½©å…°ä¸è¦é‡è¹ˆå¡é©¬ä¹”çš„è¦†è¾™',1419818308,2,4),
    -> ('å›½äº§JAD-1æ‰‹æžªæžªæž¶æŠ•å…¥ä½¿ç”¨ æ‰‹æžªå¯å˜"å†²é”‹æžª"','æ—¥å‰ï¼ŒJAD-1åž‹å¤šåŠŸèƒ½æ‰‹æžªæžªæž¶é€šè¿‡å…¬å®‰éƒ¨ç‰¹ç§è­¦ç”¨è£…å¤‡è´¨é‡ç›‘ç£æ£€éªŒä¸­å¿ƒæ£€éªŒï¼Œæ­£å¼æŠ•å…¥ç”Ÿäº§ä½¿ç”¨ã€‚æ­¤æ¬¾å¤šåŠŸèƒ½æžªæž¶ç”±äº¬å®‰ç›¾(åŒ—äº¬)è­¦ç”¨è£…å¤‡æœ‰é™å…¬å¸å¼€å‘ç ”åˆ¶ï¼ŒæœŸé—´ç»å¹¿ä¸œçœæ±Ÿé—¨å¸‚å…¬å®‰ç‰¹è­¦æ”¯é˜Ÿè¯•ç”¨ï¼ŒèŽ·å¾—å¥½è¯„ã€‚',1419818408,4,4),
    -> ('éº¦å­å­¦é™¢è£èŽ·æ–°æµªæ•™è‚²å¤§å¥–','éº¦å­å­¦é™¢æœ€å¤§çš„èŒä¸šITæ•™è‚²å¹³å°ï¼ŒèŽ·å¥–äº†',1419818508,1,5),
    -> ('éº¦å­å­¦é™¢è£èŽ·è…¾è®¯æ•™è‚²å¤§å¥–','éº¦å­å­¦é™¢æœ€å¤§çš„èŒä¸šITæ•™è‚²å¹³å°ï¼ŒèŽ·å¥–äº†',1419818608,1,5),
    -> ('éº¦å­å­¦é™¢æ–°è¯¾ä¸Šçº¿','éº¦å­å­¦é™¢PHPè¯¾ç¨‹é©¬ä¸Šä¸Šçº¿äº†ï¼Œå°ä¼™ä¼´å¿«æ¥æŠ¥åå­¦ä¹ å“ˆ',1419818708,1,5);
Query OK, 8 rows affected (0.04 sec)
Records: 8  Duplicates: 0  Warnings: 0

mysql> 
mysql> -- åˆ›å»ºèº«ä»½è¡¨ provinces
mysql> CREATE TABLE provinces(
    -> id TINYINT UNSIGNED AUTO_INCREMENT KEY,
    -> proName VARCHAR(10) NOT NULL UNIQUE
    -> );
Query OK, 0 rows affected (0.15 sec)

mysql> INSERT provinces(proName) VALUES('åŒ—äº¬'),
    -> ('ä¸Šæµ·'),
    -> ('æ·±åœ³'),
    -> ('å¹¿å·ž'),
    -> ('é‡åº†');
Query OK, 5 rows affected (0.02 sec)
Records: 5  Duplicates: 0  Warnings: 0

mysql> 
mysql> -- åˆ›å»ºç”¨æˆ·è¡¨cms_user
mysql> CREATE TABLE cms_user(
    -> id INT UNSIGNED AUTO_INCREMENT KEY,
    -> username VARCHAR(20) NOT NULL UNIQUE,
    -> age TINYINT UNSIGNED DEFAULT 18,
    -> password CHAR(32) NOT NULL,
    -> email VARCHAR(50) NOT NULL DEFAULT 'user@qq.com',
    -> regTime INT UNSIGNED NOT NULL,
    -> face VARCHAR(100) NOT NULL DEFAULT 'user.jpg',
    -> proId TINYINT UNSIGNED NOT NULL COMMENT 'ç”¨æˆ·æ‰€å±žçœä»½'
    -> );
Query OK, 0 rows affected (0.17 sec)

mysql> 
mysql> INSERT cms_user(username,password,regTime,proId)
    -> 
    -> VALUES('å¼ ä¸‰','zhangsan',1419811708,1),
    -> ('å¼ ä¸‰ä¸°','zhangsanfeng',1419812708,2),
    -> ('ç« å­æ€¡','zhangsan',1419813708,3),
    -> ('long','long',1419814708,4),
    -> ('ring','ring',1419815708,2),
    -> ('queen','queen',1419861708,3),
    -> ('king','king',1419817708,5),
    -> ('blek','blek',1419818708,1),
    -> ('rose','rose',1419821708,2),
    -> ('lily','lily',1419831708,2),
    -> ('john','john',1419841708,2);
Query OK, 11 rows affected (0.01 sec)
Records: 11  Duplicates: 0  Warnings: 0

mysql> UPDATE cms_user SET age=11 WHERE id=1;
Query OK, 1 row affected (0.01 sec)
Rows matched: 1  Changed: 1  Warnings: 0

mysql> UPDATE cms_user SET age=21 WHERE id=2;
Query OK, 1 row affected (0.00 sec)
Rows matched: 1  Changed: 1  Warnings: 0

mysql> UPDATE cms_user SET age=33 WHERE id=3;
Query OK, 1 row affected (0.00 sec)
Rows matched: 1  Changed: 1  Warnings: 0

mysql> UPDATE cms_user SET age=44 WHERE id=4;
Query OK, 1 row affected (0.03 sec)
Rows matched: 1  Changed: 1  Warnings: 0

mysql> UPDATE cms_user SET age=25 WHERE id=5;
Query OK, 1 row affected (0.00 sec)
Rows matched: 1  Changed: 1  Warnings: 0

mysql> UPDATE cms_user SET age=77 WHERE id=6;
Query OK, 1 row affected (0.00 sec)
Rows matched: 1  Changed: 1  Warnings: 0

mysql> UPDATE cms_user SET age=56 WHERE id=7;
Query OK, 1 row affected (0.03 sec)
Rows matched: 1  Changed: 1  Warnings: 0

mysql> UPDATE cms_user SET age=88 WHERE id=8;
Query OK, 1 row affected (0.02 sec)
Rows matched: 1  Changed: 1  Warnings: 0

mysql> UPDATE cms_user SET age=12 WHERE id=9;
Query OK, 1 row affected (0.00 sec)
Rows matched: 1  Changed: 1  Warnings: 0

mysql> UPDATE cms_user SET age=32 WHERE id=10;
Query OK, 1 row affected (0.00 sec)
Rows matched: 1  Changed: 1  Warnings: 0

mysql> UPDATE cms_user SET age=65 WHERE id=11;
Query OK, 1 row affected (0.00 sec)
Rows matched: 1  Changed: 1  Warnings: 0

mysql> SELECT * FROM cms_user;
+----+-----------+------+--------------+-------------+------------+----------+-------+
| id | username  | age  | password     | email       | regTime    | face     | proId |
+----+-----------+------+--------------+-------------+------------+----------+-------+
|  1 | å¼ ä¸‰      |   11 | zhangsan     | user@qq.com | 1419811708 | user.jpg |     1 |
|  2 | å¼ ä¸‰ä¸°    |   21 | zhangsanfeng | user@qq.com | 1419812708 | user.jpg |     2 |
|  3 | ç« å­æ€¡    |   33 | zhangsan     | user@qq.com | 1419813708 | user.jpg |     3 |
|  4 | long      |   44 | long         | user@qq.com | 1419814708 | user.jpg |     4 |
|  5 | ring      |   25 | ring         | user@qq.com | 1419815708 | user.jpg |     2 |
|  6 | queen     |   77 | queen        | user@qq.com | 1419861708 | user.jpg |     3 |
|  7 | king      |   56 | king         | user@qq.com | 1419817708 | user.jpg |     5 |
|  8 | blek      |   88 | blek         | user@qq.com | 1419818708 | user.jpg |     1 |
|  9 | rose      |   12 | rose         | user@qq.com | 1419821708 | user.jpg |     2 |
| 10 | lily      |   32 | lily         | user@qq.com | 1419831708 | user.jpg |     2 |
| 11 | john      |   65 | john         | user@qq.com | 1419841708 | user.jpg |     2 |
+----+-----------+------+--------------+-------------+------------+----------+-------+
11 rows in set (0.00 sec)

mysql> SELECT sex,GROUP_CONCAT(username) AS users,
    -> COUNT(*) AS totalUsers,
    -> MAX(age) AS max_age,
    -> SUM(age) AS sum_age
    -> FROM cms_user 
    -> GROUP BY sex;
ERROR 1054 (42S22): Unknown column 'sex' in 'field list'
mysql> ALTER cms_user ADD sex VARCHAR(50) NOT NULL DEFAULT 'male';
ERROR 1064 (42000): You have an error in your SQL syntax; check the manual that corresponds to your MySQL server version for the right syntax to use near 'cms_user ADD sex VARCHAR(50) NOT NULL DEFAULT 'male'' at line 1
mysql> ALTER cms_user ADD sex VARCHAR(50) NOT NULL DEFAULT 'male' TO cms_user;
ERROR 1064 (42000): You have an error in your SQL syntax; check the manual that corresponds to your MySQL server version for the right syntax to use near 'cms_user ADD sex VARCHAR(50) NOT NULL DEFAULT 'male' TO cms_user' at line 1
mysql> ALTER TABLE cms_user ADD sex VARCHAR(50) NOT NULL DEFAULT 'male';
Query OK, 0 rows affected (0.53 sec)
Records: 0  Duplicates: 0  Warnings: 0

mysql> SELECT sex,GROUP_CONCAT(username) AS users,
    -> COUNT(*) AS totalUsers,
    -> MAX(age) AS max_age,
    -> SUM(age) AS sum_age
    -> FROM cms_user 
    -> GROUP BY sex;
+------+---------------------------------------------------------------------+------------+---------+---------+
| sex  | users                                                               | totalUsers | max_age | sum_age |
+------+---------------------------------------------------------------------+------------+---------+---------+
| male | å¼ ä¸‰,å¼ ä¸‰ä¸°,ç« å­æ€¡,long,ring,queen,king,blek,rose,lily,john         |         11 |      88 |     464 |
+------+---------------------------------------------------------------------+------------+---------+---------+
1 row in set (0.11 sec)

mysql> SHOW * FROM cms_user;
ERROR 1064 (42000): You have an error in your SQL syntax; check the manual that corresponds to your MySQL server version for the right syntax to use near '* FROM cms_user' at line 1
mysql> SELECT * FROM cms_user;
+----+-----------+------+--------------+-------------+------------+----------+-------+------+
| id | username  | age  | password     | email       | regTime    | face     | proId | sex  |
+----+-----------+------+--------------+-------------+------------+----------+-------+------+
|  1 | å¼ ä¸‰      |   11 | zhangsan     | user@qq.com | 1419811708 | user.jpg |     1 | male |
|  2 | å¼ ä¸‰ä¸°    |   21 | zhangsanfeng | user@qq.com | 1419812708 | user.jpg |     2 | male |
|  3 | ç« å­æ€¡    |   33 | zhangsan     | user@qq.com | 1419813708 | user.jpg |     3 | male |
|  4 | long      |   44 | long         | user@qq.com | 1419814708 | user.jpg |     4 | male |
|  5 | ring      |   25 | ring         | user@qq.com | 1419815708 | user.jpg |     2 | male |
|  6 | queen     |   77 | queen        | user@qq.com | 1419861708 | user.jpg |     3 | male |
|  7 | king      |   56 | king         | user@qq.com | 1419817708 | user.jpg |     5 | male |
|  8 | blek      |   88 | blek         | user@qq.com | 1419818708 | user.jpg |     1 | male |
|  9 | rose      |   12 | rose         | user@qq.com | 1419821708 | user.jpg |     2 | male |
| 10 | lily      |   32 | lily         | user@qq.com | 1419831708 | user.jpg |     2 | male |
| 11 | john      |   65 | john         | user@qq.com | 1419841708 | user.jpg |     2 | male |
+----+-----------+------+--------------+-------------+------------+----------+-------+------+
11 rows in set (0.00 sec)

mysql> SELECT sex,GROUP_CONCAT(username) AS users,
    -> COUNT(*) AS totalUsers,
    -> MAX(age) AS max_age,
    -> SUM(age) AS sum_age
    -> FROM cms_user 
    -> GROUP BY sex
    -> HAVING COUNT(*)>2;
+------+---------------------------------------------------------------------+------------+---------+---------+
| sex  | users                                                               | totalUsers | max_age | sum_age |
+------+---------------------------------------------------------------------+------------+---------+---------+
| male | å¼ ä¸‰,å¼ ä¸‰ä¸°,ç« å­æ€¡,long,ring,queen,king,blek,rose,lily,john         |         11 |      88 |     464 |
+------+---------------------------------------------------------------------+------------+---------+---------+
1 row in set (0.00 sec)

mysql> SELECT sex,GROUP_CONCAT(username) AS users,
    -> COUNT(*) AS totalUsers,
    -> MAX(age) AS max_age,
    -> SUM(age) AS sum_age
    -> FROM cms_user 
    -> GROUP BY sex
    -> HAVING COUNT(*)>2 AND MAX(age)>60;
+------+---------------------------------------------------------------------+------------+---------+---------+
| sex  | users                                                               | totalUsers | max_age | sum_age |
+------+---------------------------------------------------------------------+------------+---------+---------+
| male | å¼ ä¸‰,å¼ ä¸‰ä¸°,ç« å­æ€¡,long,ring,queen,king,blek,rose,lily,john         |         11 |      88 |     464 |
+------+---------------------------------------------------------------------+------------+---------+---------+
1 row in set (0.02 sec)

mysql> SELECT sex,GROUP_CONCAT(username) AS users,
    -> COUNT(*) AS totalUsers,
    -> MAX(age) AS max_age,
    -> SUM(age) AS sum_age
    -> FROM cms_user 
    -> WHERE id>=2
    -> GROUP BY sex
    -> HAVING COUNT(*)>2 AND MAX(age)>60;
+------+--------------------------------------------------------------+------------+---------+---------+
| sex  | users                                                        | totalUsers | max_age | sum_age |
+------+--------------------------------------------------------------+------------+---------+---------+
| male | å¼ ä¸‰ä¸°,ç« å­æ€¡,long,ring,queen,king,blek,rose,lily,john       |         10 |      88 |     453 |
+------+--------------------------------------------------------------+------------+---------+---------+
1 row in set (0.01 sec)

mysql> SELECT * FROM cms_user ORDER BY age ASC;
+----+-----------+------+--------------+-------------+------------+----------+-------+------+
| id | username  | age  | password     | email       | regTime    | face     | proId | sex  |
+----+-----------+------+--------------+-------------+------------+----------+-------+------+
|  1 | å¼ ä¸‰      |   11 | zhangsan     | user@qq.com | 1419811708 | user.jpg |     1 | male |
|  9 | rose      |   12 | rose         | user@qq.com | 1419821708 | user.jpg |     2 | male |
|  2 | å¼ ä¸‰ä¸°    |   21 | zhangsanfeng | user@qq.com | 1419812708 | user.jpg |     2 | male |
|  5 | ring      |   25 | ring         | user@qq.com | 1419815708 | user.jpg |     2 | male |
| 10 | lily      |   32 | lily         | user@qq.com | 1419831708 | user.jpg |     2 | male |
|  3 | ç« å­æ€¡    |   33 | zhangsan     | user@qq.com | 1419813708 | user.jpg |     3 | male |
|  4 | long      |   44 | long         | user@qq.com | 1419814708 | user.jpg |     4 | male |
|  7 | king      |   56 | king         | user@qq.com | 1419817708 | user.jpg |     5 | male |
| 11 | john      |   65 | john         | user@qq.com | 1419841708 | user.jpg |     2 | male |
|  6 | queen     |   77 | queen        | user@qq.com | 1419861708 | user.jpg |     3 | male |
|  8 | blek      |   88 | blek         | user@qq.com | 1419818708 | user.jpg |     1 | male |
+----+-----------+------+--------------+-------------+------------+----------+-------+------+
11 rows in set (0.00 sec)

mysql> SELECT * FROM cms_user ORDER BY age ASC,id DESC;
+----+-----------+------+--------------+-------------+------------+----------+-------+------+
| id | username  | age  | password     | email       | regTime    | face     | proId | sex  |
+----+-----------+------+--------------+-------------+------------+----------+-------+------+
|  1 | å¼ ä¸‰      |   11 | zhangsan     | user@qq.com | 1419811708 | user.jpg |     1 | male |
|  9 | rose      |   12 | rose         | user@qq.com | 1419821708 | user.jpg |     2 | male |
|  2 | å¼ ä¸‰ä¸°    |   21 | zhangsanfeng | user@qq.com | 1419812708 | user.jpg |     2 | male |
|  5 | ring      |   25 | ring         | user@qq.com | 1419815708 | user.jpg |     2 | male |
| 10 | lily      |   32 | lily         | user@qq.com | 1419831708 | user.jpg |     2 | male |
|  3 | ç« å­æ€¡    |   33 | zhangsan     | user@qq.com | 1419813708 | user.jpg |     3 | male |
|  4 | long      |   44 | long         | user@qq.com | 1419814708 | user.jpg |     4 | male |
|  7 | king      |   56 | king         | user@qq.com | 1419817708 | user.jpg |     5 | male |
| 11 | john      |   65 | john         | user@qq.com | 1419841708 | user.jpg |     2 | male |
|  6 | queen     |   77 | queen        | user@qq.com | 1419861708 | user.jpg |     3 | male |
|  8 | blek      |   88 | blek         | user@qq.com | 1419818708 | user.jpg |     1 | male |
+----+-----------+------+--------------+-------------+------------+----------+-------+------+
11 rows in set (0.00 sec)

mysql> SELECT id,age,sex,GROUP_CONCAT(username),COUNT(*) AS totalUsers,SUM(age) AS sum_age 
    -> FROM cms_user 
    -> WHERE id>=2 
    -> GROUP BY sex
    -> HAVING COUNT(*)>=2
    -> ORDER BY age DESC,id ASC;
+----+------+------+--------------------------------------------------------------+------------+---------+
| id | age  | sex  | GROUP_CONCAT(username)                                       | totalUsers | sum_age |
+----+------+------+--------------------------------------------------------------+------------+---------+
|  2 |   21 | male | å¼ ä¸‰ä¸°,ç« å­æ€¡,long,ring,queen,king,blek,rose,lily,john       |         10 |     453 |
+----+------+------+--------------------------------------------------------------+------------+---------+
1 row in set (0.06 sec)

mysql> SELECT * FROM cms_user ORDER BY RAND();
+----+-----------+------+--------------+-------------+------------+----------+-------+------+
| id | username  | age  | password     | email       | regTime    | face     | proId | sex  |
+----+-----------+------+--------------+-------------+------------+----------+-------+------+
|  2 | å¼ ä¸‰ä¸°    |   21 | zhangsanfeng | user@qq.com | 1419812708 | user.jpg |     2 | male |
|  5 | ring      |   25 | ring         | user@qq.com | 1419815708 | user.jpg |     2 | male |
|  8 | blek      |   88 | blek         | user@qq.com | 1419818708 | user.jpg |     1 | male |
| 11 | john      |   65 | john         | user@qq.com | 1419841708 | user.jpg |     2 | male |
|  9 | rose      |   12 | rose         | user@qq.com | 1419821708 | user.jpg |     2 | male |
|  6 | queen     |   77 | queen        | user@qq.com | 1419861708 | user.jpg |     3 | male |
|  7 | king      |   56 | king         | user@qq.com | 1419817708 | user.jpg |     5 | male |
| 10 | lily      |   32 | lily         | user@qq.com | 1419831708 | user.jpg |     2 | male |
|  1 | å¼ ä¸‰      |   11 | zhangsan     | user@qq.com | 1419811708 | user.jpg |     1 | male |
|  3 | ç« å­æ€¡    |   33 | zhangsan     | user@qq.com | 1419813708 | user.jpg |     3 | male |
|  4 | long      |   44 | long         | user@qq.com | 1419814708 | user.jpg |     4 | male |
+----+-----------+------+--------------+-------------+------------+----------+-------+------+
11 rows in set (0.14 sec)

mysql> SELECT * FROM cms_user LIMIT 3;
+----+-----------+------+--------------+-------------+------------+----------+-------+------+
| id | username  | age  | password     | email       | regTime    | face     | proId | sex  |
+----+-----------+------+--------------+-------------+------------+----------+-------+------+
|  1 | å¼ ä¸‰      |   11 | zhangsan     | user@qq.com | 1419811708 | user.jpg |     1 | male |
|  2 | å¼ ä¸‰ä¸°    |   21 | zhangsanfeng | user@qq.com | 1419812708 | user.jpg |     2 | male |
|  3 | ç« å­æ€¡    |   33 | zhangsan     | user@qq.com | 1419813708 | user.jpg |     3 | male |
+----+-----------+------+--------------+-------------+------------+----------+-------+------+
3 rows in set (0.00 sec)

mysql> SELECT * FROM cms_user LIMIT 0,1;
+----+----------+------+----------+-------------+------------+----------+-------+------+
| id | username | age  | password | email       | regTime    | face     | proId | sex  |
+----+----------+------+----------+-------------+------------+----------+-------+------+
|  1 | å¼ ä¸‰     |   11 | zhangsan | user@qq.com | 1419811708 | user.jpg |     1 | male |
+----+----------+------+----------+-------------+------------+----------+-------+------+
1 row in set (0.00 sec)

mysql> SELECT * FROM cms_user LIMIT 0,5;
+----+-----------+------+--------------+-------------+------------+----------+-------+------+
| id | username  | age  | password     | email       | regTime    | face     | proId | sex  |
+----+-----------+------+--------------+-------------+------------+----------+-------+------+
|  1 | å¼ ä¸‰      |   11 | zhangsan     | user@qq.com | 1419811708 | user.jpg |     1 | male |
|  2 | å¼ ä¸‰ä¸°    |   21 | zhangsanfeng | user@qq.com | 1419812708 | user.jpg |     2 | male |
|  3 | ç« å­æ€¡    |   33 | zhangsan     | user@qq.com | 1419813708 | user.jpg |     3 | male |
|  4 | long      |   44 | long         | user@qq.com | 1419814708 | user.jpg |     4 | male |
|  5 | ring      |   25 | ring         | user@qq.com | 1419815708 | user.jpg |     2 | male |
+----+-----------+------+--------------+-------------+------------+----------+-------+------+
5 rows in set (0.00 sec)

mysql> SELECT * FROM cms_user LIMIT 2,5;
+----+-----------+------+----------+-------------+------------+----------+-------+------+
| id | username  | age  | password | email       | regTime    | face     | proId | sex  |
+----+-----------+------+----------+-------------+------------+----------+-------+------+
|  3 | ç« å­æ€¡    |   33 | zhangsan | user@qq.com | 1419813708 | user.jpg |     3 | male |
|  4 | long      |   44 | long     | user@qq.com | 1419814708 | user.jpg |     4 | male |
|  5 | ring      |   25 | ring     | user@qq.com | 1419815708 | user.jpg |     2 | male |
|  6 | queen     |   77 | queen    | user@qq.com | 1419861708 | user.jpg |     3 | male |
|  7 | king      |   56 | king     | user@qq.com | 1419817708 | user.jpg |     5 | male |
+----+-----------+------+----------+-------------+------------+----------+-------+------+
5 rows in set (0.00 sec)

mysql> SELECT id,sex,age,GROUP_CONCAT(username),
    -> COUNT(*) AS totalUsers,
    -> MAX(age) AS max_age,
    -> MIN(age) AS min_age,
    -> AVG(age) AS avg_age,
    -> SUM(age) AS sum_age
    -> FROM cms_user
    -> WHERE id>=1
    -> GROUP BY sex
    -> HAVING COUNT(*)>=2
    -> ORDER BY age DESC
    -> LIMIT 0,2;
+----+------+------+---------------------------------------------------------------------+------------+---------+---------+---------+---------+
| id | sex  | age  | GROUP_CONCAT(username)                                              | totalUsers | max_age | min_age | avg_age | sum_age |
+----+------+------+---------------------------------------------------------------------+------------+---------+---------+---------+---------+
|  1 | male |   11 | å¼ ä¸‰,å¼ ä¸‰ä¸°,ç« å­æ€¡,long,ring,queen,king,blek,rose,lily,john         |         11 |      88 |      11 | 42.1818 |     464 |
+----+------+------+---------------------------------------------------------------------+------------+---------+---------+---------+---------+
1 row in set (0.08 sec)

mysql> UPDATE cms_user SET age=age-3 WHERE username LIKE '____';
Query OK, 7 rows affected (0.06 sec)
Rows matched: 7  Changed: 7  Warnings: 0

mysql> UPDATE cms_user SET age=age-10 LIMIT 3;
Query OK, 3 rows affected (0.02 sec)
Rows matched: 3  Changed: 3  Warnings: 0

mysql> UPDATE cms_user SET age=age+10 ORDER BY DESC LIMIT 3;
ERROR 1064 (42000): You have an error in your SQL syntax; check the manual that corresponds to your MySQL server version for the right syntax to use near 'DESC LIMIT 3' at line 1
mysql> UPDATE cms_user SET age=age+10 ORDER BY id DESC LIMIT 3;
Query OK, 3 rows affected (0.00 sec)
Rows matched: 3  Changed: 3  Warnings: 0

